5501, W-road, E-road
5502, W-road, E-road
5503, W-road, E-road
5504, W-road, E-road, SE-road, SW-track
5505, W-road, NE-road
5508, SW-track, NE-track
5505, SW-road, E-road
5606, W-road, E-road
5607, W-road, E-road
5608, W-road, E-road
5609, W-road, E-road
5610, W-road, E-road
5404, SE-road, E-road
5405, W-road, E-road
5406, W-road, E-road
5407, W-road, NE-track, E-road
5408, W-road, SE-track, E-road
5409, W-road, E-road
5410, W-road, E-road, SE-track, SW-track
5403, NE-track, SW-track
5303, NE-track, SW-track
5309, NW-track, SE-track
5202, NE-track, SW-track
5209, NW-track, SE-track
5210, NW-track, SW-track
5102, NE-track, SW-track
5110, NW-track, NE-track, E-track, SE-track
5001, W-track, NE-track
5010, NW-track, SE-track
4901, NW-track, E-track, SE-track, SW-track, W-track
4902, W-track, E-track
4903, W-track,E-track
4904, W-track,E-track
4905, W-track,E-track,SE-track
4906, W-track,E-track
4907, W-track,E-track
4908, W-track,E-track
4909, W-track,E-track
4910, W-track,E-track
4801, NW-track, SE-track
4805, NW-track, E-track
4806, W-track, E-track
4807, W-track, E-track
4808, W-track, E-track
4809, W-track, E-track,SW-track
4810, W-track, E-track
4702, NW-track, SE-track
4709, SW-track, NE-track